อายุ,ฐานเงินเดือน,PVD_15%,สหกรณ์_สอกฟผ,RMF,ประกันเดิม_3ฉบับ,ฝากพิเศษ_สอกฟผ,รวมหักจากเงินเดือนประจำ,บำนาญใหม่_หักจากโบนัสรายปี,รวมจ่ายทั้งหมดต่อปี
38,63000,9450,20000,2000,9583,0,41033,0,492396
39,66150,9923,20000,2000,9583,0,41506,0,498072
40,69458,10419,20000,2000,9583,0,42002,0,504024
41,72930,10940,20000,2000,10000,0,42940,0,515280
42,76577,11487,20000,2000,10000,0,43487,0,521844
43,80406,12061,0,24000,10000,0,46061,0,552732
44,84426,12664,0,24000,10000,0,46664,0,559968
45,88647,13297,0,24000,10000,0,47297,0,567564
46,93080,13962,0,24000,10667,0,48629,0,583548
47,97734,14660,0,24000,10667,0,49327,0,591924
48,100000,15000,0,24000,10667,0,49667,0,596004
49,100000,15000,0,24000,10667,0,49667,0,596004
50,100000,15000,0,16000,10667,0,41667,100000,600004
51,100000,15000,0,16000,11500,0,42500,100000,610000
52,100000,15000,0,16000,11500,0,42500,100000,610000
53,100000,15000,0,16000,11500,0,42500,200000,710000
54,100000,15000,0,16000,11500,0,42500,200000,710000
55,100000,15000,0,16000,11500,10000,52500,100000,730000
56,100000,15000,0,16000,12500,10000,53500,100000,742000
57,100000,15000,0,16000,12500,10000,53500,100000,742000
58,100000,15000,0,16000,9167,10000,50167,0,602004
59,100000,15000,0,16000,9167,10000,50167,0,602004
60,100000,15000,0,16000,9167,10000,50167,0,602004
